Handle,Title,Body (HTML),Vendor,Product Category,Type,Tags,Published,Option1 Name,Option1 Value,Option2 Name,Option2 Value,Variant SKU,Variant Grams,Variant Inventory Tracker,Variant Inventory Qty,Variant Inventory Policy,Variant Fulfillment Service,Variant Price,Variant Compare At Price,Variant Requires Shipping,Variant Taxable,Variant Barcode,Image Src,Image Position,Image Alt Text,Gift Card,SEO Title,SEO Description,Google Shopping / Google Product Category,Google Shopping / Gender,Google Shopping / Age Group,Google Shopping / MPN,Google Shopping / AdWords Grouping,Google Shopping / AdWords Labels,Google Shopping / Condition,Google Shopping / Custom Product,Google Shopping / Custom Label 0,Google Shopping / Custom Label 1,Google Shopping / Custom Label 2,Google Shopping / Custom Label 3,Google Shopping / Custom Label 4,Variant Image,Variant Weight Unit,Variant Tax Code,Cost per item,Status
signature-personalized-bottle,Personalized 20oz Sublimation Water Bottle ‚Äì Signature Collection,"<p>A premium 20oz insulated water bottle customized just for you with permanent sublimation printing. No vinyl. No peeling. Just a smooth, long-lasting finish that looks as good as it feels.</p>

<h3>‚ú® KEY FEATURES</h3>
<ul>
<li>20oz double-wall insulated stainless steel bottle</li>
<li>Keeps drinks cold for up to 24 hours and hot for up to 12 hours</li>
<li>Personalized with your name using permanent sublimation (no vinyl)</li>
<li>BPA-free and durable for everyday use</li>
<li>Smooth, scratch-resistant finish</li>
<li>Beautifully packaged and ready to gift</li>
</ul>

<h3>üé® CUSTOMIZATION OPTIONS</h3>
<p>Choose from four elegant bottle colors: White, Sage Green, Blush Pink, Matte Black</p>
<p>Select your personalization style: Script Name, Block Name, Vertical Name, or Name + Icon (heart, star, daisy, palm tree, coffee cup, sun)</p>

<h3>üíù PERFECT FOR</h3>
<p>Bridesmaid proposals ‚Ä¢ Wedding day gifts ‚Ä¢ Birthdays ‚Ä¢ Holidays ‚Ä¢ Teacher gifts ‚Ä¢ Everyday hydration ‚Ä¢ Treating yourself</p>

<h3>üì¶ CUSTOMIZATION INSTRUCTIONS</h3>
<p>Enter the name exactly as you'd like it printed (including capitalization). Choose your font style and text color. We'll create your bottle with a professionally centered, balanced design.</p>

<h3>üöö SHIPPING & PROCESSING</h3>
<p>Each bottle is made to order with care.</p>
<ul>
<li>Processing time: 3‚Äì5 business days</li>
<li>Shipping time: Typically 3‚Äì7 business days (depending on location)</li>
<li>Rush orders available‚Äîplease contact us before ordering</li>
</ul>

<h3>üéÅ GIFT-READY PACKAGING</h3>
<p>Every bottle arrives beautifully packaged and ready to gift or enjoy yourself.</p>",Shelzy's Designs,Home & Garden > Kitchen & Dining > Drinkware,Water Bottles,"sublimation, personalized water bottle, no vinyl, custom bottle, permanent personalization, insulated bottle, 20oz bottle, bridesmaid gift",TRUE,Color,White,,,SIG-BOTTLE-WHITE,454,shopify,100,deny,manual,32.00,,TRUE,TRUE,,[PLACEHOLDER: signature-bottle-white-01.jpg],1,Personalized white water bottle with elegant script name,FALSE,Personalized Sublimation Water Bottle | Shelzy's Designs,"Premium 20oz sublimation water bottle with permanent personalization. No vinyl, no peeling. Perfect for bridesmaids, gifts, and everyday use.",Home & Garden > Kitchen & Dining > Drinkware,,,,,,,new,FALSE,,,,,,lb,,,active
signature-personalized-bottle,Personalized 20oz Sublimation Water Bottle ‚Äì Signature Collection,,,,,,,Color,Sage Green,,,SIG-BOTTLE-SAGE,454,shopify,100,deny,manual,32.00,,TRUE,TRUE,,[PLACEHOLDER: signature-bottle-sage-01.jpg],2,Personalized sage green water bottle,FALSE,,,,,,,,,,,,,,,,,lb,,,active
signature-personalized-bottle,Personalized 20oz Sublimation Water Bottle ‚Äì Signature Collection,,,,,,,Color,Blush Pink,,,SIG-BOTTLE-BLUSH,454,shopify,100,deny,manual,32.00,,TRUE,TRUE,,[PLACEHOLDER: signature-bottle-blush-01.jpg],3,Personalized blush pink water bottle,FALSE,,,,,,,,,,,,,,,,,lb,,,active
signature-personalized-bottle,Personalized 20oz Sublimation Water Bottle ‚Äì Signature Collection,,,,,,,Color,Matte Black,,,SIG-BOTTLE-BLACK,454,shopify,100,deny,manual,32.00,,TRUE,TRUE,,[PLACEHOLDER: signature-bottle-black-01.jpg],4,Personalized matte black water bottle,FALSE,,,,,,,,,,,,,,,,,lb,,,active
bridesmaid-proposal-bottle,Bridesmaid Proposal Sublimation Bottle ‚Äì Will You Be My Bridesmaid Gift,"<p>Ask your best friend to stand by your side with a personalized sublimation bottle she'll actually use long after the wedding. No vinyl. No peeling. Just a beautiful, permanent gift.</p>

<h3>‚ú® KEY FEATURES</h3>
<ul>
<li>20oz double-wall insulated stainless steel bottle</li>
<li>Keeps drinks cold for 24+ hours, hot for 12+ hours</li>
<li>Personalized with her name + ""Bridesmaid"" or ""Maid of Honor"" using sublimation</li>
<li>BPA-free, durable, and scratch-resistant</li>
<li>Smooth, permanent finish</li>
<li>Beautifully packaged and gift-ready</li>
</ul>

<h3>üé® CUSTOMIZATION OPTIONS</h3>
<p>Bottle Colors: White (most popular for bridal), Sage Green, Blush Pink, Matte Black</p>
<p>Personalization: Her name in elegant script + Choice of title: ""Bridesmaid"" or ""Maid of Honor""</p>

<h3>üíù PERFECT FOR</h3>
<p>Bridesmaid proposals ‚Ä¢ Maid of Honor asks ‚Ä¢ Bridal party gifts ‚Ä¢ ""Thank you for being my bridesmaid"" gifts</p>

<h3>üì¶ CUSTOMIZATION INSTRUCTIONS</h3>
<p>Enter her name exactly as you'd like it to appear. Select her title (Bridesmaid or Maid of Honor). We'll design a beautifully balanced layout and create her personalized bottle.</p>

<h3>üöö SHIPPING & PROCESSING</h3>
<ul>
<li>Processing time: 3‚Äì5 business days</li>
<li>Shipping time: 3‚Äì7 business days</li>
<li>Rush orders available‚Äîcontact us first</li>
</ul>

<h3>üéÅ ARRIVES GIFT-READY</h3>
<p>Beautifully packaged with care. Add a gift note at checkout for an extra-special touch.</p>",Shelzy's Designs,Home & Garden > Kitchen & Dining > Drinkware,Water Bottles,"sublimation, bridesmaid gift, bridal party, personalized bottle, wedding gift, maid of honor, no vinyl",TRUE,Color,White,Title,Bridesmaid,BM-BOTTLE-WHITE-BM,454,shopify,100,deny,manual,34.00,,TRUE,TRUE,,[PLACEHOLDER: bridesmaid-bottle-01.jpg],1,Bridesmaid proposal water bottle white,FALSE,Bridesmaid Proposal Bottle | Shelzy's Designs,"Personalized sublimation bottle for bridesmaid proposals. Permanent printing, no vinyl. She'll love this gift long after the wedding.",,,,,,,,,,,,,,,lb,,,active
bridesmaid-proposal-bottle,Bridesmaid Proposal Sublimation Bottle ‚Äì Will You Be My Bridesmaid Gift,,,,,,,Color,White,Title,Maid of Honor,BM-BOTTLE-WHITE-MOH,454,shopify,100,deny,manual,34.00,,TRUE,TRUE,,[PLACEHOLDER: bridesmaid-bottle-02.jpg],2,Maid of Honor proposal bottle,FALSE,,,,,,,,,,,,,,,,,lb,,,active
bridesmaid-proposal-bottle,Bridesmaid Proposal Sublimation Bottle ‚Äì Will You Be My Bridesmaid Gift,,,,,,,Color,Sage Green,Title,Bridesmaid,BM-BOTTLE-SAGE-BM,454,shopify,100,deny,manual,34.00,,TRUE,TRUE,,[PLACEHOLDER: bridesmaid-bottle-sage-01.jpg],3,Sage green bridesmaid bottle,FALSE,,,,,,,,,,,,,,,,,lb,,,active
bridesmaid-proposal-bottle,Bridesmaid Proposal Sublimation Bottle ‚Äì Will You Be My Bridesmaid Gift,,,,,,,Color,Sage Green,Title,Maid of Honor,BM-BOTTLE-SAGE-MOH,454,shopify,100,deny,manual,34.00,,TRUE,TRUE,,[PLACEHOLDER: bridesmaid-bottle-sage-02.jpg],4,Sage green maid of honor bottle,FALSE,,,,,,,,,,,,,,,,,lb,,,active
proposal-gift-box,Bridesmaid Proposal Gift Box ‚Äì Personalized Water Bottle Set,"<p>The ultimate bridesmaid proposal box. Personalized sublimation bottle, ""Will you be my bridesmaid?"" card, satin scrunchie, mini candle, and beautiful white gift box. A luxury unboxing moment she'll never forget.</p>

<h3>‚ú® WHAT'S INCLUDED</h3>
<ul>
<li>Personalized 20oz sublimation water bottle (her name + title, permanent‚Äîno vinyl)</li>
<li>""Will you be my bridesmaid?"" card on premium cardstock</li>
<li>Satin scrunchie (color-coordinated)</li>
<li>Mini soy candle</li>
<li>White magnetic closure gift box with crinkle paper</li>
</ul>

<h3>üé® CUSTOMIZATION OPTIONS</h3>
<p>Bottle Colors: White (most popular), Sage Green, Blush Pink, Matte Black</p>
<p>Title Options: Bridesmaid, Maid of Honor, Matron of Honor, Flower Girl</p>

<h3>üíù WHY THIS GIFT BOX?</h3>
<p>This isn't just another bridesmaid proposal‚Äîthis is a thoughtful, curated experience. The unboxing moment is special, and the bottle becomes a keepsake she'll actually use.</p>

<h3>üì¶ CUSTOMIZATION INSTRUCTIONS</h3>
<p>Enter each bridesmaid's name exactly as you'd like it to appear. Select her title (Bridesmaid, Maid of Honor, etc.). We'll design, sublimate, and beautifully package each gift box.</p>

<h3>üöö SHIPPING & PROCESSING</h3>
<p>Each gift box is assembled with care and arrives ready to gift.</p>
<ul>
<li>Processing time: 3‚Äì5 business days</li>
<li>Shipping time: 3‚Äì7 business days</li>
<li>Ordering multiples? Add all to cart‚Äîwe'll coordinate.</li>
</ul>

<h3>üéÅ ARRIVES 100% GIFT-READY</h3>
<p>No wrapping needed. Just hand it to her and watch her face light up.</p>",Shelzy's Designs,Home & Garden > Kitchen & Dining > Drinkware,Gift Sets,"bridesmaid proposal, gift box, personalized gift, bridal party, wedding gift, proposal box, bridesmaid box",TRUE,Color,White,Title,Bridesmaid,GIFT-BOX-WHITE-BM,680,shopify,50,deny,manual,62.00,,TRUE,TRUE,,[PLACEHOLDER: proposal-box-03.jpg],1,Bridesmaid proposal gift box with personalized bottle,FALSE,Bridesmaid Proposal Gift Box | Shelzy's Designs,"Luxury bridesmaid proposal box with personalized sublimation bottle, card, scrunchie, candle, and gift box. The perfect way to ask.",,,,,,,,,,,,,,,lb,,,active
proposal-gift-box,Bridesmaid Proposal Gift Box ‚Äì Personalized Water Bottle Set,,,,,,,Color,White,Title,Maid of Honor,GIFT-BOX-WHITE-MOH,680,shopify,50,deny,manual,62.00,,TRUE,TRUE,,[PLACEHOLDER: proposal-box-04.jpg],2,Maid of Honor proposal gift box,FALSE,,,,,,,,,,,,,,,,,lb,,,active
proposal-gift-box,Bridesmaid Proposal Gift Box ‚Äì Personalized Water Bottle Set,,,,,,,Color,White,Title,Matron of Honor,GIFT-BOX-WHITE-MATRON,680,shopify,50,deny,manual,62.00,,TRUE,TRUE,,[PLACEHOLDER: proposal-box-05.jpg],3,Matron of Honor proposal gift box,FALSE,,,,,,,,,,,,,,,,,lb,,,active
proposal-gift-box,Bridesmaid Proposal Gift Box ‚Äì Personalized Water Bottle Set,,,,,,,Color,White,Title,Flower Girl,GIFT-BOX-WHITE-FLOWER,680,shopify,50,deny,manual,62.00,,TRUE,TRUE,,[PLACEHOLDER: proposal-box-06.jpg],4,Flower Girl proposal gift box,FALSE,,,,,,,,,,,,,,,,,lb,,,active
everyday-custom-bottle,Custom Name Sublimation Bottle ‚Äì Everyday Collection,"<p>Your name, your style. A premium 20oz personalized water bottle with permanent sublimation printing. Perfect for work, gym, everyday hydration, or gifting.</p>

<h3>‚ú® KEY FEATURES</h3>
<ul>
<li>20oz double-wall insulated stainless steel</li>
<li>Keeps drinks cold 24+ hours, hot 12+ hours</li>
<li>Personalized with permanent sublimation (no vinyl)</li>
<li>BPA-free, durable, scratch-resistant</li>
<li>Smooth finish that won't peel or fade</li>
<li>Beautifully packaged</li>
</ul>

<h3>üé® CUSTOMIZATION OPTIONS</h3>
<p>Bottle Colors: White, Sage Green, Blush Pink, Matte Black</p>
<p>Personalization Style: Script Name, Block Name, or Name + Icon (heart, star, coffee cup, sun, lightning bolt, mountain)</p>
<p>Text Color Options: Black, Sage Green, Blush Pink, Gold Effect</p>

<h3>üíù PERFECT FOR</h3>
<p>Everyday hydration ‚Ä¢ Office/work ‚Ä¢ Gym & fitness ‚Ä¢ Gifts for friends ‚Ä¢ Birthday presents ‚Ä¢ ""Just because"" gifts ‚Ä¢ Treating yourself</p>

<h3>üöö SHIPPING & PROCESSING</h3>
<ul>
<li>Processing time: 3‚Äì5 business days</li>
<li>Shipping time: 3‚Äì7 business days</li>
<li>Rush available‚Äîcontact us first</li>
</ul>",Shelzy's Designs,Home & Garden > Kitchen & Dining > Drinkware,Water Bottles,"personalized bottle, custom water bottle, sublimation, everyday bottle, gym bottle, office bottle",TRUE,Color,White,,,EVERYDAY-WHITE,454,shopify,100,deny,manual,30.00,,TRUE,TRUE,,[PLACEHOLDER: everyday-bottle-01.jpg],1,Custom personalized water bottle for everyday use,FALSE,Custom Sublimation Water Bottle | Shelzy's Designs,"Personalized 20oz sublimation bottle for everyday use. No vinyl, permanent printing. Perfect for gym, office, or gifts.",,,,,,,,,,,,,,,lb,,,active
everyday-custom-bottle,Custom Name Sublimation Bottle ‚Äì Everyday Collection,,,,,,,Color,Sage Green,,,EVERYDAY-SAGE,454,shopify,100,deny,manual,30.00,,TRUE,TRUE,,[PLACEHOLDER: everyday-bottle-sage-01.jpg],2,Sage green custom water bottle,FALSE,,,,,,,,,,,,,,,,,lb,,,active
kids-personalized-bottle,Kids Personalized Sublimation Bottle ‚Äì Name + Icon,"<p>Fun, durable, and truly theirs. A 20oz personalized water bottle for kids with their name and favorite icon‚Äîpermanently sublimated so it won't peel or fade. Perfect for school, sports, and adventures.</p>

<h3>‚ú® KEY FEATURES</h3>
<ul>
<li>20oz double-wall insulated stainless steel (perfect size for kids)</li>
<li>Keeps drinks cold for hours</li>
<li>Personalized with their name + icon using permanent sublimation</li>
<li>No vinyl = no peeling, no fading</li>
<li>BPA-free and safe for daily use</li>
<li>Durable enough for backpacks, sports bags, and drops</li>
</ul>

<h3>üé® CUSTOMIZATION OPTIONS</h3>
<p>Bottle Colors: White, Sage Green, Blush Pink, Matte Black</p>
<p>Fun Icon Choices: Dinosaur, Rainbow, Butterfly, Soccer Ball, Basketball, Baseball, Unicorn, Rocket, Flower, Dog, Cat</p>

<h3>üíù PERFECT FOR</h3>
<p>Back-to-school ‚Ä¢ Birthday gifts ‚Ä¢ Sports teams ‚Ä¢ Sibling sets ‚Ä¢ Holiday gifts ‚Ä¢ ""Big kid"" milestones</p>

<h3>üöö SHIPPING & PROCESSING</h3>
<ul>
<li>Processing time: 3‚Äì5 business days</li>
<li>Shipping time: 3‚Äì7 business days</li>
</ul>

<h3>üéÅ KID-APPROVED & PARENT-LOVED</h3>
<p>Durable enough for real kid life. Cool enough that they'll actually want to use it.</p>",Shelzy's Designs,Home & Garden > Kitchen & Dining > Drinkware,Water Bottles,"kids water bottle, personalized kids bottle, school bottle, sports bottle, sublimation kids",TRUE,Color,White,,,KIDS-WHITE,454,shopify,100,deny,manual,28.00,,TRUE,TRUE,,[PLACEHOLDER: kids-bottle-rainbow-01.jpg],1,Kids personalized water bottle with fun icons,FALSE,Kids Personalized Water Bottle | Shelzy's Designs,"Personalized sublimation water bottle for kids with name and fun icon. Durable, no peeling. Perfect for school and sports.",,,,,,,,,,,,,,,lb,,,active
kids-personalized-bottle,Kids Personalized Sublimation Bottle ‚Äì Name + Icon,,,,,,,Color,Sage Green,,,KIDS-SAGE,454,shopify,100,deny,manual,28.00,,TRUE,TRUE,,[PLACEHOLDER: kids-bottle-dino-01.jpg],2,Kids sage green personalized bottle,FALSE,,,,,,,,,,,,,,,,,lb,,,active
holiday-personalized-bottle,Holiday Personalized Water Bottle ‚Äì Sublimation Gift Edition,"<p>Personalized holiday water bottles that feel special. Choose from festive designs like ""Merry & Bright,"" ""Cozy Season,"" or snowflakes with a custom name. Permanent sublimation printing, beautiful gift packaging.</p>

<h3>‚ú® KEY FEATURES</h3>
<ul>
<li>20oz double-wall insulated stainless steel</li>
<li>Keeps drinks cold 24+ hours, hot 12+ hours (perfect for cocoa or iced drinks!)</li>
<li>Personalized with a name + festive design using sublimation</li>
<li>BPA-free, durable, scratch-resistant</li>
<li>Arrives in beautiful holiday-ready packaging</li>
</ul>

<h3>üé® HOLIDAY DESIGN OPTIONS</h3>
<p>Choose your festive style: ""Merry & Bright"", ""Cozy Season"", Snowflakes, Candy Cane Border, Holiday Wreath</p>
<p>Bottle Colors: White (most popular for holiday designs), Sage Green, Matte Black</p>

<h3>üíù PERFECT FOR</h3>
<p>Holiday gifts ‚Ä¢ Coworker presents ‚Ä¢ Teacher gifts ‚Ä¢ Secret Santa ‚Ä¢ Stocking stuffers ‚Ä¢ White Elephant ‚Ä¢ Treating yourself to festive hydration</p>

<h3>üöö SHIPPING & PROCESSING</h3>
<ul>
<li>Processing time: 3‚Äì5 business days</li>
<li>Shipping time: 3‚Äì7 business days</li>
<li>üéÑ Order by December 15 for Christmas delivery</li>
</ul>

<h3>üéÅ ARRIVES HOLIDAY-READY</h3>
<p>Packaged with festive crinkle paper and a gift tag. No wrapping needed‚Äîjust hand it over and spread the cheer.</p>",Shelzy's Designs,Home & Garden > Kitchen & Dining > Drinkware,Water Bottles,"holiday bottle, christmas gift, personalized holiday gift, festive bottle, winter bottle, holiday water bottle",TRUE,Design,Merry & Bright,,,HOLIDAY-MERRY,454,shopify,100,deny,manual,32.00,,TRUE,TRUE,,[PLACEHOLDER: holiday-bottle-01.jpg],1,Holiday personalized water bottle Merry and Bright,FALSE,Holiday Personalized Water Bottle | Shelzy's Designs,"Festive personalized sublimation water bottle with holiday designs. Perfect gift for Christmas, teachers, coworkers, and more.",,,,,,,,,,,,,,,lb,,,active
holiday-personalized-bottle,Holiday Personalized Water Bottle ‚Äì Sublimation Gift Edition,,,,,,,Design,Cozy Season,,,HOLIDAY-COZY,454,shopify,100,deny,manual,32.00,,TRUE,TRUE,,[PLACEHOLDER: holiday-bottle-02.jpg],2,Cozy Season holiday water bottle,FALSE,,,,,,,,,,,,,,,,,lb,,,active
holiday-personalized-bottle,Holiday Personalized Water Bottle ‚Äì Sublimation Gift Edition,,,,,,,Design,Snowflakes,,,HOLIDAY-SNOW,454,shopify,100,deny,manual,32.00,,TRUE,TRUE,,[PLACEHOLDER: holiday-bottle-03.jpg],3,Snowflakes personalized holiday bottle,FALSE,,,,,,,,,,,,,,,,,lb,,,active
